Peptide ID,Decision,E,E-Alpha,E-Beta,Fragment Count,Monoisotopic PPM,Highest Peak PPM,Selected Precursor PPM,Type,Intra/Inter,Modification Name,Peptide RT,Best MS2 RT,Best MS2 Scan Number,z,m/z,Protein 1,Peptide 1,Start 1,Stop 1,Protein 2,Peptide 2,Start 2, Stop 2,Selected Sites,Notes
27765,Accepted,1.37E-34,0,0,40,0.921746742,0.27670931,0.072066322,Dead end,,DE-Q,62.655107,62.655107,21746,3,915.4887614,VgrGHA,FFVNKSVPEVVEQILTEHGLK,126,146,,,,,[K130-],
28784,Accepted,2.36E-22,0,0,39,0.906986423,0.274486131,0.683263505,Dead end,,DE-Q,29.31407813,29.266167,8784,4,659.5661781,VgrGHA,VKFDADRDDKNPGQESMPVR,418,437,,,,,[K419-],
34539,Accepted,6.53E-29,0,0,38,0.512706003,0.68711905,1.088069581,Dead end,,DE-Q,61.93320802,62.037457,21499,3,793.7326014,VgrGHA,MNLTDSLQNVLSGVGTLNR,1,19,,,,,[T4-],
32007,Accepted,3.35E-20,0,0,38,0.022917257,0.013549448,0.191226978,Self Linked,,NNP9,63.30288918,63.305815,22005,3,784.0738537,VgrGHA,KSATLIMGTGLLESLTEQK,67,85,,,,,[K67-S68],
31575,Accepted,2.73E-35,0,0,38,0.195044962,0.725410558,0.879713872,Dead end,,DE-Q,67.0906135,67.171195,23545,3,831.7544593,StrepTssF,VMSHLGTGFLNMLSSAEVLR,472,491,,,,,[S474-],
25817,Accepted,2.64E-15,1.97E-22,4.01E-07,37,1.070193459,0.252631072,1.363197579,Cross-linked,Intra,NNP9,32.37615929,32.296896,9913,5,698.1574878,VgrGHA,LSTEYGGKTQLNLGHNVDASR,517,537,VgrGHA,TPANNKLR,498,505,[K524-T498;K524-K503],
51320,Accepted,5.37E-22,3.75E-26,4.10E-09,37,0.381065994,0.275213811,0.476716676,Cross-linked,Intra,NNP9,27.88424097,27.884058,8291,5,555.6851677,VgrGHA,GEEHIKLSTEYGGK,511,524,VgrGHA,TPANNKLR,498,505,[K516-T498],
29990,Accepted,2.07E-26,0,0,36,1.011884082,1.079543393,1.003949159,Dead end,,DE,53.21976015,53.182196,17971,3,822.7508267,StrepTssF,VMSHLGTGFLNMLSSAEVLR,472,491,,,,,[S474-],
24927,Accepted,6.99E-25,0,0,36,0.017049519,2.600903185,1.380612648,Self Linked,,NNP9,54.41702531,54.451309,18475,3,914.1428199,TssKHis6,VVFIELKQKGVMWEGALHDAR,318,338,,,,,[K324-K326],
4407,Accepted,3.65E-20,0,0,36,0.221399996,0.412672436,0.393208334,Dead end,,DE,70.91884883,70.951913,25038,4,851.4642858,TssKHis6,FIPPLLTLSASPSLMTELAELLHHLQAR,184,211,,,,,[T190-],
30991,Accepted,3.19E-27,0,0,35,0.288859628,0.087911638,0.568631036,Dead end,,DE,59.33385169,59.36783,20434,3,817.4191887,StrepTssF,VMSHLGTGFLNMLSSAEVLR,472,491,,,,,[S474-],
25107,Accepted,2.12E-22,1.63E-24,4.84E-13,35,2.197098992,0.588658038,0.296781556,Cross-linked,Intra,NNP9,32.36277807,32.305906,9917,4,872.4450406,VgrGHA,LSTEYGGKTQLNLGHNVDASR,517,537,VgrGHA,TPANNKLR,498,505,[K524-T498;K524-K503],
49311,Accepted,6.89E-18,4.13E-17,2.03E-11,34,1.568434453,1.642973502,0.085163504,Cross-linked,Intra,NNP9,25.7485326,25.684998,7479,5,586.9053882,VgrGHA,RGEEHIKLSTEYGGK,510,524,VgrGHA,TPANNKLR,498,505,[K516-K503],
34041,Accepted,4.17E-24,0,0,34,0.416640038,0.463666613,0.76564808,Dead end,,DE,54.4405354,54.42148,18463,3,779.3973308,VgrGHA,MNLTDSLQNVLSGVGTLNR,1,19,,,,,[T4-],
32763,Accepted,2.08E-15,2.83E-25,2.83E-25,34,0.182970573,1.989915781,2.770039922,Cross-linked,Intra,NNP9,68.91513599,68.876012,24224,3,1470.402653,VgrGHA,MNLTDSLQNVLSGVGTLNR,1,19,VgrGHA,MNLTDSLQNVLSGVGTLNR,1,19,[T4-T4],
16476,Accepted,6.19E-10,0,0,34,0.86052262,0.456928343,1.5019338,Dead end,,DE,56.47791713,56.502175,19291,3,929.1341014,TssKHis6,MGLAHPWGVVAAEFDDSLLPLSR,36,58,,,,,[S52-],
50246,Accepted,2.41E-28,1.61E-22,5.43E-19,34,0.382225897,0.579255284,0.502443583,Cross-linked,Intra,NNP9,27.89555533,27.895815,8295,4,694.3546405,VgrGHA,GEEHIKLSTEYGGK,511,524,VgrGHA,TPANNKLR,498,505,[K516-K503],
37153,Accepted,9.74E-21,3.47E-23,1.34E-12,33,4.716467307,0.592259192,2.149751756,Cross-linked,Inter,NNP9,38.49294802,38.474526,12255,4,1034.501888,VgrGHA,LTTAEGDILQGITDENGK,798,815,TssKHis6,SSMPGHELQTKFPQLCK,351,367,[T800-K361],
34525,Accepted,1.22E-24,0,0,33,1.183427607,1.100949293,2.206732372,Dead end,,DE-Q,57.29184055,57.34177,19626,3,784.4177314,VgrGHA,KSATLIMGTGLLESLTEQK,67,85,,,,,[K67-;S68-],
33576,Accepted,1.36E-28,0,0,33,0.710853481,0.239665984,1.238378165,Dead end,,DE,57.06591806,57.141771,19546,3,774.0656927,VgrGHA,MNLTDSLQNVLSGVGTLNR,1,19,,,,,[T4-;S6-],
32434,Accepted,1.66E-23,0,0,33,0.354333965,0.858321502,1.554387277,Dead end,,DE-Q,64.86090147,64.850533,22621,3,788.4009634,VgrGHA,MNLTDSLQNVLSGVGTLNR,1,19,,,,,[T4-],
28840,Accepted,1.41E-22,0,0,33,0.056679654,0.384653428,0.337857927,Dead end,,DE,48.41497367,48.420236,16088,3,828.0824647,StrepTssF,VMSHLGTGFLNMLSSAEVLR,472,491,,,,,[S474-;T478-],
25995,Accepted,1.08E-27,0,0,33,1.608574682,0.628819493,0.48893171,Self Linked,,NNP9,73.73140025,73.694485,26079,3,909.8132457,VgrGHA,FFVNKSVPEVVEQILTEHGLK,126,146,,,,,[K130-S131],
32612,Accepted,1.36E-16,0,0,32,0.217756702,0.392345939,0.65718834,Self Linked,,NNP9,69.97644888,70.007919,24669,3,778.7422157,VgrGHA,KSATLIMGTGLLESLTEQK,67,85,,,,,[K67-S68],
30179,Accepted,9.35E-23,0,0,32,0.285879352,0.138305446,0.208086198,Self Linked,,NNP9,63.48927528,63.457312,22066,3,821.4405343,VgrGHA,KSATLIMGTGLLESLTEQKK,67,86,,,,,[K67-S68],
12813,Accepted,9.39E-23,0,0,32,0.277200965,0.705654978,0.912991225,Dead end,,DE-Q,52.04845454,52.092961,17538,3,989.8176043,TssGFlag,YSYPATFEAGGQDKTSQYLLGLAR,140,163,,,,,[K153-],
7449,Accepted,1.15E-18,0,0,32,1.919628197,1.190436793,1.519750076,Dead end,,DE-Q,61.36336154,61.336298,21220,3,1023.51828,VgrGHA,LNASLTDLTAPGMLLHAPDGIGMVSAR,614,640,,,,,[S617-],
3448,Accepted,1.19E-18,2.24E-20,2.91E-11,32,2.029961751,0.315905122,5.601491199,Cross-linked,Intra,NNP9,60.88750328,60.84005,21022,4,1294.153829,TssKHis6,SLVDIVLALPLLNANGGNLDNGSESERPR,95,123,TssKHis6,LENQYFALDLSTDAAR,401,416,[S95-Y405],
51886,Accepted,2.12E-30,4.96E-22,1.26E-15,32,0.226764979,0.64956256,0.763659976,Cross-linked,Intra,NNP9,27.90882333,27.907587,8299,3,925.4704286,VgrGHA,GEEHIKLSTEYGGK,511,524,VgrGHA,TPANNKLR,498,505,[K516-T498],
31779,Accepted,4.45E-31,0,0,31,0.221585915,0.451687053,1.089802253,Dead end,,DE,54.07036521,54.046123,18314,3,822.7508267,StrepTssF,VMSHLGTGFLNMLSSAEVLR,472,491,,,,,[S474-;T478-],
30977,Accepted,2.13E-20,0,0,31,1.06460143,0.436014697,1.635976445,Dead end,,DE-Q,60.47724567,60.314226,20812,3,837.0860973,StrepTssF,VMSHLGTGFLNMLSSAEVLR,472,491,,,,,[T478-],
19380,Accepted,6.77E-17,3.30E-26,0.000296089,31,2.754043685,0.08860347,1.326009359,Cross-linked,Inter,NNP9,54.04405063,54.006653,18299,4,1102.558532,TssKHis6,MGLAHPWGVVAAEFDDSLLPLSR,36,58,TssGFlag,LGIPGCAQNIATPVSR,164,179,[S52-T175],
48995,Accepted,2.39E-29,3.58E-24,1.46E-17,31,3.510492004,1.733385661,3.568553351,Cross-linked,Intra,NNP9,25.83606567,25.837024,7538,4,733.3799161,VgrGHA,RGEEHIKLSTEYGGK,510,524,VgrGHA,TPANNKLR,498,505,[K516-K503;S518-K503],
33050,Accepted,2.76E-21,0,0,30,0.51547392,0.995449847,1.112816221,Self Linked,,NNP9,56.22870145,56.288239,19206,3,782.3645751,StrepTssF,LQDGYTEIYSVDAVTGSGR,336,354,,,,,[Y340-T341],
32614,Accepted,1.42E-23,0,0,30,0.149940365,0.386791065,1.999785841,Dead end,,DE,50.95677038,50.907429,17071,3,770.0824607,VgrGHA,KSATLIMGTGLLESLTEQK,67,85,,,,,[K67-;S68-;T70-],
43360,Accepted,1.26E-18,0,0,30,1.693740668,1.26874012,0.699763024,Dead end,,DE,30.58133834,30.659279,9333,3,711.3352423,TssKHis6,MAHQENAAWLTCPVTR,154,169,,,,,[T164-],
50409,Accepted,4.40E-18,0,0,30,0.438419576,0.06946463,0.107806096,Dead end,,DE-Q,32.84386507,32.840603,10130,3,648.9796785,TssKHis6,QKGVMWEGALHDAR,325,338,,,,,[K326-],
42496,Accepted,2.80E-18,3.81E-30,3.646172155,30,0.229496011,3.585739519,3.496433156,Cross-linked,Intra,NNP9,37.38475686,37.334035,11803,4,661.5666075,VgrGHA,GDKIDPAPETANFWAR,289,304,VgrGHA,HTER,285,288,[K291-T286],
53926,Accepted,3.65E-14,4.84E-14,1.14E-05,30,2.163878599,1.407010521,1.675583656,Cross-linked,Intra,NNP9,31.66408459,31.621528,9665,5,584.0734559,StrepTssF,EAGKAFAQAHPDR,26,38,StrepTssF,MWSHPQFEK,1,9,[K29-S3],
46285,Accepted,2.66E-21,1.39E-29,10.67120647,29,2.994089575,3.868501859,2.705710214,Cross-linked,Inter,NNP9,24.86012818,24.755779,7134,4,644.5627449,TssKHis6,MAHQENAAWLTCPVTR,154,169,VgrGHA,ITGK,317,320,[T164-T318],
36805,Accepted,6.28E-20,0,0,29,0.094156868,0.020689102,0.107092157,Dead end,,DE-Q,59.4410889,59.3791,20439,3,793.3746394,StrepTssF,IGFACSELADWSQVDLHR,166,183,,,,,[S171-],
34238,Accepted,2.94E-21,0,0,29,0.37967642,0.602036083,0.114207388,Dead end,,DE-Q,44.37402428,44.429147,14558,3,788.0400907,StrepTssF,LQDGYTEIYSVDAVTGSGR,336,354,,,,,[Y340-],
31657,Accepted,7.26E-17,0,0,29,1.881152391,1.658773198,2.428106539,Dead end,,DE,25.26074833,25.193845,7289,4,648.8147252,VgrGHA,VKFDADRDDKNPGQESMPVR,418,437,,,,,[K419-],
31157,Accepted,3.93E-21,0,0,29,1.06460143,0.436014697,1.635976445,Dead end,,DE-Q,60.45606938,60.472712,20875,3,837.0860973,StrepTssF,VMSHLGTGFLNMLSSAEVLR,472,491,,,,,[S474-],
24104,Accepted,1.48E-15,0,0,29,0.213439347,0.606635987,0.811038168,Self Linked,,NNP9,51.48997914,51.527654,17316,3,919.474458,TssKHis6,VVFIELKQKGVMWEGALHDAR,318,338,,,,,[K324-K326],
16936,Accepted,2.11E-11,0,0,29,0.556726929,0.348759945,0.820224922,Dead end,,DE,58.58790394,58.495248,20086,3,923.8024634,TssKHis6,MGLAHPWGVVAAEFDDSLLPLSR,36,58,,,,,[S52-],
5660,Accepted,3.40E-20,0,0,29,1.374795003,0.584629844,0.080508901,Dead end,,DE-Q,63.43237461,63.406617,22046,3,1018.186642,VgrGHA,LNASLTDLTAPGMLLHAPDGIGMVSAR,614,640,,,,,[S617-],
40196,Accepted,2.28E-13,0,0,29,0.167414047,0.465785906,0.129854281,Self Linked,,NNP9,38.57924712,38.414901,12231,3,754.3578222,TssKHis6,SSMPGHELQTKFPQLCK,351,367,,,,,[T360-K361],
39305,Accepted,1.47E-15,0,0,29,0.475541127,0.968067868,0.613856781,Self Linked,,NNP9,40.53285556,40.489621,13036,3,749.0261841,TssKHis6,SSMPGHELQTKFPQLCK,351,367,,,,,[T360-K361],
49486,Accepted,4.27E-21,0,0,29,0.431499895,0.284206085,1.410192171,Self Linked,,NNP9,28.61438432,28.576778,8528,3,673.3327737,VgrGHA,RGEEHIKLSTEYGGK,510,524,,,,,[T519-Y521],
55101,Accepted,8.53E-18,0,0,28,3.292019348,3.292019348,0.25810571,Dead end,,DE-Q,24.62315821,24.675757,7107,3,576.9485991,StrepTssF,EAGKAFAQAHPDR,26,38,,,,,[K29-],
36831,Accepted,5.13E-24,0,0,28,3.963768612,1.474896045,0.511723546,Dead end,,DE-Q,25.67181084,25.69624,7484,3,808.6963286,VgrGHA,FDADRDDKNPGQESMPVR,420,437,,,,,[K427-],
36663,Accepted,9.04E-21,0,0,28,0.39199405,0.553822214,1.17954615,Dead end,,DE-Q,30.01981091,30.09056,9111,3,803.3646906,VgrGHA,FDADRDDKNPGQESMPVR,420,437,,,,,[K427-],
35722,Accepted,2.08E-14,6.87E-11,3.27E-11,28,3.040102657,2.478916871,1.334680564,Cross-linked,Inter,NNP9,34.42901163,34.42607,10717,4,999.9886376,TssKHis6,VNVQELAGHEQSEVAVLR,130,147,VgrGHA,AATAANATQGDISCQQR,597,613,[S141-T604],
33398,Accepted,2.24E-07,8.23E-15,8.23E-15,28,0.377921888,0.876119951,0.621486199,Cross-linked,Intra,NNP9,68.89252974,68.820662,24202,4,1103.053809,VgrGHA,MNLTDSLQNVLSGVGTLNR,1,19,VgrGHA,MNLTDSLQNVLSGVGTLNR,1,19,[T4-T4],
27796,Accepted,3.07E-19,0,0,28,0.992530164,0.076590234,1.476705651,Dead end,,DE-Q,34.85441747,34.832961,10873,3,864.4284554,VgrGHA,LSTEYGGKTQLNLGHNVDASR,517,537,,,,,[K524-],
19350,Accepted,1.18E-09,0,0,28,0.526946669,0.291194146,0.702476612,Dead end,,DE-Q,62.99437927,63.085075,21917,3,943.4693721,TssKHis6,MGLAHPWGVVAAEFDDSLLPLSR,36,58,,,,,[S52-],
9786,Accepted,1.17E-18,0,0,28,0.213393218,0.718027568,0.662039305,Dead end,,DE-Q,50.837202,50.776177,17019,3,1029.816044,VgrGHA,TLPVNSPSGMSDSGTDSVWALNVEHR,213,238,,,,,[T213-],
39504,Accepted,1.37E-13,1.47E-22,54.91537622,28,2.410719175,4.446625746,6.619727338,Cross-linked,Intra,NNP9,16.14071569,16.105878,4232,4,610.0463515,VgrGHA,AATAANATQGDISCQQR,597,613,VgrGHA,ITGK,317,320,[S609-T318],
35762,Accepted,7.12E-24,0,0,27,0.117196077,2.900062545,0.862720209,Dead end,,DE,25.64690456,25.64574,7464,3,789.0294199,VgrGHA,FDADRDDKNPGQESMPVR,420,437,,,,,[K427-],
32259,Accepted,2.01E-22,6.86E-26,5.41E-07,27,0.514917699,0.322125837,0.493543017,Cross-linked,Inter,NNP9,53.7477725,53.820504,18224,3,1105.952242,TssGFlag,TAEGLTSLVTLLAPGTQAR,193,211,TssKHis6,VVFIELKQK,318,326,[S199-K324;T202-K324],
31171,Accepted,3.24E-24,0,0,27,2.767868258,2.679052928,1.177095979,Dead end,,DE-Q,54.78048439,54.612449,18539,3,842.4177354,StrepTssF,VMSHLGTGFLNMLSSAEVLR,472,491,,,,,[S474-],
19723,Accepted,7.32E-10,0,0,27,0.118401166,0.166890044,1.09220091,Dead end,,DE-Q,65.53107911,65.540586,22896,3,938.137734,TssKHis6,MGLAHPWGVVAAEFDDSLLPLSR,36,58,,,,,[S52-],
55662,Accepted,1.90E-26,0,0,26,0.533017768,0.533017768,0.387076737,Dead end,,DE-Q,15.99615548,15.921943,4173,3,570.6119867,VgrGHA,HVDHVTDKNGTR,482,493,,,,,[T492-],
40421,Accepted,3.85E-13,0,0,26,1.060717552,0.316759359,1.161434419,Self Linked,,NNP9,37.68180087,37.679246,11939,3,788.3456278,VgrGHA,GEGYDTSYGEVYHYRPR,268,284,,,,,[S274-Y275],
36481,Accepted,4.85E-21,2.31E-28,0.000108242,26,1.49628034,0.674687004,2.929543419,Cross-linked,Inter,NNP9,52.92058921,52.852923,17840,3,1202.932077,VgrGHA,SATLIMGTGLLESLTEQK,68,85,TssKHis6,CTFYTPASLGDVK,424,436,[T70-T425;T75-T425],
33824,Accepted,1.89E-09,2.28E-16,2.28E-16,26,2.214743958,2.220594291,2.42880822,Cross-linked,Intra,NNP9,70.54293879,70.59515,24902,3,1465.071015,VgrGHA,MNLTDSLQNVLSGVGTLNR,1,19,VgrGHA,MNLTDSLQNVLSGVGTLNR,1,19,[T4-T4],
32742,Accepted,3.87E-10,1.22E-08,1.41E-08,26,0.287165427,0.779630203,0.107099553,Cross-linked,Intra,NNP9,25.43426958,25.419004,7373,5,690.7453631,VgrGHA,MEDKRGEEHIKLSTEYGGK,506,524,VgrGHA,TPANNKLR,498,505,[K516-K503],
32048,Accepted,1.05E-12,0,0,26,0.779679567,1.378270022,1.439203756,Dead end,,DE,38.01300766,37.996398,12065,3,773.7048201,StrepTssF,LQDGYTEIYSVDAVTGSGR,336,354,,,,,[Y340-],
31946,Accepted,6.30E-08,1.89E-14,6.48E-13,26,3.263791141,1.95625935,6.729077296,Cross-linked,Intra,NNP9,70.58614556,70.565167,24890,4,1099.05508,VgrGHA,MNLTDSLQNVLSGVGTLNR,1,19,VgrGHA,MNLTDSLQNVLSGVGTLNR,1,19,[T4-T4;T4-S6;S6-T4;S6-S6],
27997,Accepted,1.02E-12,0,0,26,3.722440235,1.608360511,0.396636927,Dead end,,DE,53.10208832,53.094724,17936,3,846.7880445,StrepTssF,AIPLNPLAVEKVVMTTEPDGR,141,161,,,,,[K151-],
15296,Accepted,3.63E-14,0,0,26,0.602206232,0.144915665,2.42971799,Self Linked,,NNP9,55.39230988,55.358645,18836,3,984.1420886,TssGFlag,YSYPATFEAGGQDKTSQYLLGLAR,140,163,,,,,[S155-Y157],
12539,Accepted,1.40E-13,0,0,26,0.606397938,0.173205675,1.034819854,Self Linked,,NNP9,49.12272895,49.197785,16397,3,1010.469652,VgrGHA,YRLDIPSCPSSLDVEDFSGTEGISK,20,44,,,,,[Y20-S26],
12133,Accepted,3.33E-22,0,0,26,0.29615981,0.173134343,0.212134219,Dead end,,DE-Q,63.4803663,63.452793,22064,3,1083.550631,VgrGHA,SVPEVVEQILTEHGLKGWEYEFSLK,131,155,,,,,[K146-],
3872,Accepted,8.89E-24,0,0,26,0.792348145,0.222170538,0.655791962,Dead end,,DE,66.25066764,66.314667,23204,3,1107.914739,TssKHis6,SLVDIVLALPLLNANGGNLDNGSESERPR,95,123,,,,,[S95-],
48189,Accepted,2.63E-16,0,0,26,2.880378634,3.408305855,0.82432639,Dead end,,DE-Q,25.74408049,25.719244,7493,3,679.0082893,VgrGHA,RGEEHIKLSTEYGGK,510,524,,,,,[K516-],
47644,Accepted,1.56E-34,0,0,26,1.420295532,0.459531919,0.541645872,Dead end,,DE,52.18445977,52.18496,17575,3,703.0773138,VgrGHA,ITLKPFISLLDKQFR,108,122,,,,,[K119-],
49979,Accepted,2.19E-17,0,0,26,0.72430923,0.011792409,0.624416764,Dead end,,DE,35.49029744,35.442531,11086,3,736.3531783,StrepTssF,MWSHPQFEKDDLTLR,1,15,,,,,[S3-],
52525,Accepted,2.48E-34,0,0,26,0.135332016,0.135332016,0.828746321,Dead end,,DE-Q,33.99129779,34.166411,10614,2,878.4352727,VgrGHA,TQLNLGHNVDASR,525,537,,,,,[T525-],
49162,Accepted,5.90E-18,0,0,26,0.384036672,1.356359762,2.491263411,Dead end,,DE,38.39552163,38.30915,12189,3,731.0215402,StrepTssF,MWSHPQFEKDDLTLR,1,15,,,,,[S3-],
42219,Accepted,2.32E-20,0,0,26,0.212254312,0.283145124,0.305549097,Dead end,,DE-Q,48.71867925,48.701166,16199,3,720.01522,TssKHis6,LENQYFALDLSTDAAR,401,416,,,,,[Y405-],
40752,Accepted,5.85E-13,0,0,26,1.322072152,0.459119262,1.60439611,Dead end,,DE,29.36357613,29.298172,8797,4,585.0162237,VgrGHA,GEGYDTSYGEVYHYRPR,268,284,,,,,[Y271-],
41427,Accepted,2.27E-16,0,0,25,2.645118128,2.672941045,3.989788839,Dead end,,DE-Q,36.89319737,36.850749,11634,3,720.3388749,TssKHis6,MAHQENAAWLTCPVTR,154,169,,,,,[T164-],
60851,Accepted,1.29E-13,2.27E-05,6.59E-15,25,0.483226279,0.203878017,0.986847246,Cross-linked,Inter,NNP9,27.11740248,27.112554,8002,4,591.5328823,StrepTssF,MWSHPQFEK,1,9,TssGFlag,KSQSAPAR,7,14,[S3-K7],
47693,Accepted,5.05E-16,0,0,25,0.038734054,0.399254568,0.748958765,Dead end,,DE,35.47587848,35.415014,11075,4,552.5167028,StrepTssF,MWSHPQFEKDDLTLR,1,15,,,,,[S3-],
41107,Accepted,1.10E-14,0,0,25,7.473053122,4.386644648,1.134670489,Dead end,,DE-Q,31.11040336,31.060427,9483,4,595.7676767,VgrGHA,GEGYDTSYGEVYHYRPR,268,284,,,,,[Y279-],
44551,Accepted,3.64E-15,0,0,25,0.496864068,0.521907672,0.04166528,Self Linked,,NNP9,48.02037599,47.929412,15895,3,719.6896792,StrepTssF,NLCKPTLPVYPPTEDR,452,467,,,,,[K455-T457],
50614,Accepted,6.74E-12,0,0,25,0.964028955,1.435580937,0.453428617,Dead end,,DE-Q,36.80024052,36.744497,11594,3,643.6480405,TssKHis6,QKGVMWEGALHDAR,325,338,,,,,[K326-],
40421,Accepted,6.72E-11,0,0,24,0.073273262,0.032647165,0.106507086,Self Linked,,NNP9,36.48127908,36.489903,11492,3,788.3456278,VgrGHA,GEGYDTSYGEVYHYRPR,268,284,,,,,[S274-Y275],
36770,Accepted,5.97E-19,8.03E-13,9.83E-15,24,2.816059604,0.766370693,1.102917285,Cross-linked,Intra,NNP9,29.14424966,29.098298,8718,4,826.647217,VgrGHA,FDADRDDKNPGQESMPVR,420,437,VgrGHA,TPANNKLR,498,505,[K427-T498],
25655,Accepted,2.22E-16,0,0,24,0.234115381,0.020053176,3.245304971,Self Linked,,NNP9,45.41545494,45.5055,14947,3,858.7529397,VgrGHA,LSTEYGGKTQLNLGHNVDASR,517,537,,,,,[S518-T519],
23842,Accepted,5.18E-15,0,0,24,0.860428116,0.855453452,0.69997641,Dead end,,DE-Q,58.9242151,59.014099,20293,3,861.1233151,StrepTssF,AIPLNPLAVEKVVMTTEPDGR,141,161,,,,,[K151-],
7581,Accepted,3.24E-15,0,0,24,0.796882069,0.087374239,0.783144557,Dead end,,DE-Q,58.60192674,58.584643,20122,3,1028.849918,VgrGHA,LNASLTDLTAPGMLLHAPDGIGMVSAR,614,640,,,,,[S617-],
49887,Accepted,1.60E-16,0,0,24,0.021628151,0.180189951,0.572190083,Dead end,,DE,38.38353564,38.410395,12229,4,548.5179743,StrepTssF,MWSHPQFEKDDLTLR,1,15,,,,,[S3-],
45573,Accepted,1.84E-20,3.73E-28,1.224605721,24,0.092770662,0.908552585,2.210369443,Cross-linked,Intra,NNP9,37.40397644,37.317769,11797,3,881.7530512,VgrGHA,GDKIDPAPETANFWAR,289,304,VgrGHA,HTER,285,288,[K291-T286],
48697,Accepted,5.39E-28,0,0,24,0.642688239,0.472668479,0.526632601,Self Linked,,NNP9,66.94454149,66.982397,23470,3,711.7370688,VgrGHA,ITLKPFISLLDKQFR,108,122,,,,,[T109-K111],
49346,Accepted,3.13E-18,0,0,23,0.768329075,0.713074658,1.086727845,Dead end,,DE-Q,44.22282195,44.16179,14452,3,745.3568109,StrepTssF,MWSHPQFEKDDLTLR,1,15,,,,,[S3-],
37988,Accepted,2.97E-15,1.26E-20,0.066650067,23,2.298047773,1.994671297,3.050255394,Cross-linked,Inter,NNP9,39.12802951,39.110303,12509,5,556.4741271,StrepTssF,IGFACSELADWSQVDLHR,166,183,VgrGHA,ITGK,317,320,[S171-T318],
53159,Accepted,1.15E-14,9.70E-16,0.000264947,23,2.573587421,2.843975235,0.834645117,Cross-linked,Intra,NNP9,53.0007501,53.076146,17929,3,958.1569043,StrepTssF,TIPSLSVVALTPR,94,106,StrepTssF,MWSHPQFEK,1,9,[T94-S3],
36630,Accepted,2.36E-09,0,0,23,4.709078642,5.326910293,3.39760012,Dead end,,DE,48.01075143,47.961487,15908,3,779.0393687,StrepTssF,IGFACSELADWSQVDLHR,166,183,,,,,[S171-],
34238,Accepted,6.12E-20,0,0,23,0.299502956,1.502411937,1.751705831,Dead end,,DE-Q,52.53211592,52.625293,17749,3,788.0400907,StrepTssF,LQDGYTEIYSVDAVTGSGR,336,354,,,,,[Y340-;T341-],
34083,Accepted,1.76E-12,0,0,23,2.061947699,0.273453618,3.086052151,Dead end,,DE,46.7983923,46.80399,15449,3,775.4140988,VgrGHA,KSATLIMGTGLLESLTEQK,67,85,,,,,[K67-;S68-;T70-],
18356,Accepted,2.94E-11,0,0,23,1.279181785,0.351124395,1.058856087,Self Linked,,NNP9,59.46223433,59.438804,20463,3,904.0815104,VgrGHA,LDIPSCPSSLDVEDFSGTEGISK,22,44,,,,,[S26-S29;S26-S30;S29-S30],
59549,Accepted,4.21E-23,0,0,23,1.042558599,1.042558599,2.003572559,Dead end,,DE-Q,31.7735683,31.689096,9690,3,501.6039955,VgrGHA,KVHGVITDFR,86,95,,,,,[K86-],
55459,Accepted,7.61E-23,0,0,22,0.564808731,0.564808731,0.510537277,Dead end,,DE,12.41859757,12.435297,3081,3,556.2767161,VgrGHA,HVDHVTDKNGTR,482,493,,,,,[K489-],
55411,Accepted,1.01E-13,3.56E-10,2.41E-11,22,0.274199579,1.400198526,0.754980757,Cross-linked,Intra,NNP9,19.08902319,19.045963,5184,5,521.8676066,VgrGHA,HVDHVTDKNGTR,482,493,VgrGHA,TPANNKLR,498,505,[K489-T498;K489-K503],
37313,Accepted,8.40E-16,0,0,22,0.632067461,2.346888624,1.100942585,Dead end,,DE-Q,49.02554127,49.009016,16322,3,735.3988916,VgrGHA,TAPVNTSIPSVVKVEFGK,816,833,,,,,[K828-],
45620,Accepted,8.49E-16,0,0,22,4.06320282,1.45824309,0.476905313,Dead end,,DE-Q,54.60404572,54.587097,18529,3,700.0143865,StrepTssF,GVTGMYDTWLILGGQR,389,404,,,,,[Y394-],
42634,Accepted,1.04E-14,0,0,22,0.245098931,0.715616742,0.344185691,Dead end,,DE,42.2049901,42.132382,13675,3,705.6799494,TssKHis6,LENQYFALDLSTDAAR,401,416,,,,,[Y405-],
42390,Accepted,8.24E-16,0,0,22,1.907042188,1.151582158,0.899415127,Dead end,,DE-Q,51.19938158,51.176798,17178,3,705.3460246,StrepTssF,GVTGMYDTWLILGGQR,389,404,,,,,[Y394-],
40582,Accepted,1.75E-15,0,0,22,1.885583542,2.152506602,2.698920575,Dead end,,DE-Q,33.31013597,33.215843,10270,3,794.0211434,VgrGHA,GEGYDTSYGEVYHYRPR,268,284,,,,,[Y271-;T273-;S274-],
40582,Accepted,5.70E-13,0,0,22,0.116307649,2.07995931,3.2391042,Dead end,,DE-Q,31.06397512,31.106968,9500,3,794.0211434,VgrGHA,GEGYDTSYGEVYHYRPR,268,284,,,,,[Y279-],
47410,Accepted,8.97E-18,0,0,22,0.461174222,0.871217475,0.968013316,Dead end,,DE-Q,40.99428016,40.85919,13179,3,750.6884489,StrepTssF,MWSHPQFEKDDLTLR,1,15,,,,,[S3-],
28551,Accepted,6.24E-21,0,0,21,0.318135461,0.79567492,0.923686845,Dead end,,DE-Q,29.30692432,29.339196,8814,3,879.085812,VgrGHA,VKFDADRDDKNPGQESMPVR,418,437,,,,,[K419-],
3804,Accepted,7.69E-18,0,0,21,0.01381821,1.368977546,0.500337617,Dead end,,DE,66.21950407,66.251795,23180,4,831.1878736,TssKHis6,SLVDIVLALPLLNANGGNLDNGSESERPR,95,123,,,,,[S95-],
61559,Accepted,4.91E-10,0.006182691,2.03E-11,21,4.440410251,2.872553471,4.229722955,Cross-linked,Intra,NNP9,30.74091297,30.702542,9351,3,673.3301524,VgrGHA,ITGTMTAR,390,397,VgrGHA,LSTEYGGK,517,524,[T393-S518;T395-S518],
45423,Accepted,3.90E-16,0,0,21,0.674106003,0.524796478,0.606495378,Dead end,,DE-Q,45.34087946,45.29456,14867,3,707.0082893,VgrGHA,GDKIDPAPETANFWAR,289,304,,,,,[K291-],
43397,Accepted,6.12E-20,0,0,21,0.527052426,0.222053603,0.031248135,Dead end,,DE-Q,64.61894924,64.606824,22524,3,703.7077267,VgrGHA,SVPEVVEQILTEHGLK,131,146,,,,,[S131-],
51298,Accepted,4.93E-11,0,0,21,1.149570749,1.727166751,3.13508985,Dead end,,DE,30.27923648,30.329154,9206,3,629.3127699,TssKHis6,QKGVMWEGALHDAR,325,338,,,,,[K326-],
36663,Accepted,1.29E-12,0,0,20,2.98424006,1.275489258,1.17954615,Dead end,,DE-Q,32.45428642,32.439045,9970,3,803.3646906,VgrGHA,FDADRDDKNPGQESMPVR,420,437,,,,,[K427-],
8474,Accepted,9.48E-10,0,0,20,1.919628197,1.190436793,1.519750076,Dead end,,DE-Q,61.36211025,61.336298,21220,3,1023.51828,VgrGHA,LNASLTDLTAPGMLLHAPDGIGMVSAR,614,640,,,,,[S617-],
54799,Accepted,2.28E-14,0,0,20,0.940224691,0.940224691,0.005248205,Dead end,,DE,27.59216689,27.666925,8208,3,571.6240033,VgrGHA,TQLNLGHNVDASR,525,537,,,,,[T525-],
44538,Accepted,6.79E-21,0,0,20,0.36029536,0.023236846,0.22456604,Self Linked,,NNP9,66.56504757,66.519593,23286,3,694.3388709,StrepTssF,GVTGMYDTWLILGGQR,389,404,,,,,[T391-Y394],
42790,Accepted,5.13E-15,0,0,20,0.106227723,0.159608842,0.703188136,Self Linked,,NNP9,61.72461608,61.724411,21375,3,699.6705089,StrepTssF,GVTGMYDTWLILGGQR,389,404,,,,,[T391-Y394],
55211,Accepted,3.89E-18,0,0,19,0.083441792,0.083441792,0.833722063,Self Linked,,NNP9,23.15439186,23.116154,6574,3,564.936471,VgrGHA,HVDHVTDKNGTR,482,493,,,,,[T487-K489;K489-T492],
38800,Accepted,7.65E-13,0,0,19,0.245669552,0.390672122,1.48714105,Dead end,,DE,29.37282891,29.362223,8823,3,779.6858728,VgrGHA,GEGYDTSYGEVYHYRPR,268,284,,,,,[Y271-],
30765,Accepted,1.48E-08,0,0,19,0.698311706,3.089324215,3.362514605,Self Linked,,NNP9,46.99286309,46.974068,15517,4,696.5960093,StrepTssF,NLCKPTLPVYPPTEDRFHWR,452,471,,,,,[K455-T457],
30467,Accepted,2.74E-14,0,0,19,0.419497617,0.04434124,0.16952314,Self Linked,,NNP9,72.15472116,72.148235,25503,3,831.4105817,StrepTssF,VMSHLGTGFLNMLSSAEVLR,472,491,,,,,[S474-T478],
29101,Accepted,6.64E-18,0,0,19,0.488175128,0.020442046,0.942627708,Self Linked,,NNP9,76.8506446,76.775601,27210,3,826.0789436,StrepTssF,VMSHLGTGFLNMLSSAEVLR,472,491,,,,,[S474-T478],
28566,Accepted,2.61E-10,0,0,19,1.043257959,0.121393469,2.66795208,Self Linked,,NNP9,38.06221801,38.003148,12068,3,873.4102964,VgrGHA,VKFDADRDDKNPGQESMPVR,418,437,,,,,[K419-K427],
47693,Accepted,1.86E-09,0,0,19,0.346625231,0.669657333,1.060120378,Dead end,,DE,36.670968,36.670968,11565,4,552.5167028,StrepTssF,MWSHPQFEKDDLTLR,1,15,,,,,[S3-],
55249,Accepted,1.61E-09,0,0,18,3.833734745,3.833734745,0.092671189,Dead end,,DE,25.5383151,25.501481,7406,3,604.2870564,VgrGHA,EQINQYQESDLR,162,173,,,,,[Y167-],
37658,Accepted,8.99E-16,0,0,18,1.813449234,0.942674888,4.687519806,Dead end,,DE,43.825958,43.818486,14317,3,721.0636209,VgrGHA,TAPVNTSIPSVVKVEFGK,816,833,,,,,[K828-],
30082,Accepted,5.26E-09,0,0,18,1.528879774,0.749399464,0.22864912,Self Linked,,NNP9,30.562697,30.562697,9295,3,878.7419344,VgrGHA,VKFDADRDDKNPGQESMPVR,418,437,,,,,[K419-K427],
28566,Accepted,1.42E-09,0,0,18,0.572457403,0.474797515,0.64435308,Self Linked,,NNP9,34.73818574,34.817213,10866,3,873.4102964,VgrGHA,VKFDADRDDKNPGQESMPVR,418,437,,,,,[K419-K427],
57921,Accepted,4.63E-21,0,0,18,0.751956117,0.751956117,0.235257941,Dead end,,DE,21.61789575,21.520504,6002,3,501.577118,TssKHis6,SSMPGHELQTK,351,361,,,,,[S351-],
50214,Accepted,2.69E-11,0,0,18,0.037032102,0.304576486,1.245934349,Dead end,,DE,30.33266997,30.308373,9198,4,472.2363965,TssKHis6,QKGVMWEGALHDAR,325,338,,,,,[K326-],
41546,Accepted,1.34E-09,0,0,18,0.090726718,0.287609072,0.661430817,Dead end,,DE-Q,48.1027394,48.065047,15949,3,725.3651949,StrepTssF,NLCKPTLPVYPPTEDR,452,467,,,,,[K455-],
49346,Accepted,1.19E-11,0,0,17,3.363502152,1.128116033,3.90376128,Dead end,,DE-Q,42.2374747,42.212834,13707,3,745.3568109,StrepTssF,MWSHPQFEKDDLTLR,1,15,,,,,[S3-],
4617,Accepted,1.97E-12,0,0,17,0.034907134,0.074155173,0.455802976,Dead end,,DE-Q,74.50859273,74.448449,26353,3,1149.285226,TssKHis6,FIPPLLTLSASPSLMTELAELLHHLQAR,184,211,,,,,[T190-],
47367,Accepted,2.59E-11,0,0,17,0.07694224,0.379285464,2.392173687,Self Linked,,NNP9,48.03514113,48.11113,15967,3,745.0129332,StrepTssF,MWSHPQFEKDDLTLR,1,15,,,,,[K9-T13],
56357,Accepted,6.52E-14,0,0,16,0.314937788,0.314937788,0.324103378,Dead end,,DE-Q,37.76858322,37.720273,11956,3,539.9511752,VgrGHA,NQGMQLLAAKGR,681,692,,,,,[K690-],
55647,Accepted,9.18E-11,0,0,16,0.787145577,0.787145577,1.201975015,Dead end,,DE-Q,16.00458815,15.914676,4171,4,428.2108091,VgrGHA,HVDHVTDKNGTR,482,493,,,,,[T487-;K489-;T492-],
37767,Accepted,5.45E-07,0,0,16,0.132541624,0.218461288,0.7629125,Dead end,,DE-Q,47.17355712,47.177242,15596,3,770.3963195,TssKHis6,VNVQELAGHEQSEVAVLR,130,147,,,,,[S141-],
60794,Accepted,5.53E-12,0,0,16,0.417931742,0.417931742,0.055301128,Dead end,,DE-Q,23.12351453,23.143658,6585,3,488.2359732,VgrGHA,VITNDYNHR,244,252,,,,,[Y249-],
33050,Accepted,4.19E-08,0,0,16,4.032115915,0.448365956,1.432889578,Self Linked,,NNP9,54.37863762,54.32687,18426,3,782.3645751,StrepTssF,LQDGYTEIYSVDAVTGSGR,336,354,,,,,[Y344-S345],
61488,Accepted,9.10E-13,0,0,16,0.558487951,0.558487951,0.296593078,Dead end,,DE,16.26363043,16.205686,4269,3,401.2231191,VgrGHA,TPANNKLR,498,505,,,,,[T498-],
46044,Accepted,1.46E-08,0,0,16,0.653000207,1.009031707,0.097719769,Dead end,,DE-Q,52.29146594,52.455013,17681,3,715.9997938,TssGFlag,EGHEAAADFLDIFSHR,113,128,,,,,[S126-],
44834,Accepted,8.81E-08,0,0,16,0.135681652,0.468888294,0.280627259,Dead end,,DE,46.37342991,46.402447,15298,3,701.6645232,TssGFlag,EGHEAAADFLDIFSHR,113,128,,,,,[S126-],
48697,Accepted,4.52E-25,0,0,16,0.18904393,1.336213479,1.930986202,Self Linked,,NNP9,65.54223727,65.517499,22887,3,711.7370688,VgrGHA,ITLKPFISLLDKQFR,108,122,,,,,[T109-K111;K111-S115;S115-K119],
57137,Accepted,4.24E-17,0,0,15,1.458637084,1.458637084,0.481348955,Dead end,,DE,16.51118577,16.561495,4368,3,506.908756,TssKHis6,SSMPGHELQTK,351,361,,,,,[S351-],
55961,Accepted,2.95E-12,0,0,15,0.413137869,0.413137869,0.852777629,Dead end,,DE,12.43147804,12.337643,3055,4,417.4593562,VgrGHA,HVDHVTDKNGTR,482,493,,,,,[T487-;K489-],
32296,Accepted,1.78E-13,0,0,15,0.600151626,0.439257986,3.691380582,Self Linked,,NNP9,54.34214298,54.227733,18387,2,1173.043224,StrepTssF,LQDGYTEIYSVDAVTGSGR,336,354,,,,,[Y340-T341;Y344-S345],
40752,Accepted,7.35E-10,0,0,15,3.993489153,5.557828805,1.070847351,Dead end,,DE,27.11906278,27.172035,8026,4,585.0162237,VgrGHA,GEGYDTSYGEVYHYRPR,268,284,,,,,[Y271-;T273-;Y275-],
60472,Accepted,3.11E-11,0,0,14,0.15002762,0.15002762,0.189406133,Dead end,,DE,35.86889936,35.894313,11262,3,464.6100887,TssKHis6,VVFIELKQK,318,326,,,,,[K324-],
62719,Accepted,1.62E-08,0,0,14,0.58087237,0.58087237,0.851714771,Dead end,,DE,36.81848784,36.769758,11604,3,433.2436312,StrepTssF,FEKGFLLR,523,530,,,,,[K525-],
56257,Accepted,2.01E-16,0,0,13,0.618883855,0.618883855,0.681166492,Dead end,,DE,52.42223842,52.447717,17679,3,559.3346198,VgrGHA,ITLKPFISLLDK,108,119,,,,,[K111-],
55211,Accepted,1.29E-09,0,0,13,1.341909751,1.341909751,1.259573484,Self Linked,,NNP9,17.61582208,17.671317,4684,3,564.936471,VgrGHA,HVDHVTDKNGTR,482,493,,,,,[K489-T492],
60654,Accepted,1.66E-10,0,0,13,0.037519472,0.037519472,0.749563584,Dead end,,DE-Q,43.08723025,43.104257,14058,3,478.9453593,TssKHis6,VVFIELKQK,318,326,,,,,[K324-],
62259,Accepted,3.18E-09,0,0,13,1.612424589,1.612424589,1.526778529,Dead end,,DE-Q,23.68138169,23.697234,6787,3,416.5633641,TssGFlag,VHHPVSLK,230,237,,,,,[S235-],
61254,Accepted,2.41E-09,0,0,13,1.468715395,1.468715395,1.48132298,Dead end,,DE,24.1465453,24.128118,6924,3,473.9007025,VgrGHA,VITNDYNHR,244,252,,,,,[T246-],
44551,Accepted,6.36E-09,0,0,13,2.731421946,0.170213592,3.722437709,Self Linked,,NNP9,42.10323444,42.028362,13635,3,719.6896792,StrepTssF,NLCKPTLPVYPPTEDR,452,467,,,,,[K455-T457;T457-Y461],
57921,Accepted,5.69E-15,0,0,12,0.09563038,0.09563038,0.235257941,Dead end,,DE,22.67012224,22.594299,6384,3,501.577118,TssKHis6,SSMPGHELQTK,351,361,,,,,[S351-],
62048,Accepted,2.35E-09,0,0,11,0.982092249,0.982092249,0.231212095,Dead end,,DE,18.05195798,18.077186,4826,3,402.2280935,TssGFlag,VHHPVSLK,230,237,,,,,[S235-],
48604,Accepted,3.27E-08,0,0,11,0.52485089,0.760245623,0.781064639,Self Linked,,NNP9,51.93165851,51.913227,17467,3,739.6812952,StrepTssF,MWSHPQFEKDDLTLR,1,15,,,,,[K9-T13],
47367,Accepted,1.47E-05,0,0,9,0.287723812,0.663904082,0.291139478,Self Linked,,NNP9,48.77424921,48.809144,16242,3,745.0129332,StrepTssF,MWSHPQFEKDDLTLR,1,15,,,,,[S3-K9;K9-T13],